timestamp,text,reason
2026-01-20 10:33:12,blblblkasldan,Unknown Words
2026-01-20 10:43:31,blbalablalbalalbal,Unknown Words
2026-01-20 10:43:44,blablalblaa,Unknown Words
2026-01-20 10:46:15,blbakajbskjasa,Unknown Words
2026-01-20 10:47:56,membantu temanku yang jatuh ke selokan,Junk
2026-01-20 11:02:59,blablablablalba,Unknown Words
2026-01-20 11:11:38,membelikan minuman unuk orang yang haus,Junk
2026-01-20 11:11:57,membelikan minuman utk tmnku yg haus,Junk
2026-01-20 11:24:30,mengajarkan temanku mata pelajaran matematika,Junk
2026-01-20 13:09:01,blablablbalabla,Unknown Words
2026-01-20 13:11:07,blablalbalalabla,Unknown Words
2026-01-20 13:16:49,"blblalbblabla
",Unknown Words
2026-01-20 13:20:11,blbalbalbalbala,Unknown Words
2026-01-20 13:32:30,blbalblablablaba,Unknown Words
2026-01-20 15:58:11,membuatkan bubur ayam untuk eko,Junk
2026-01-20 15:58:21,memasakkan bubur ayam untuk eko ,Junk
2026-01-21 04:10:38,blablablalbalba,Unknown Words
2026-01-21 06:54:13,blblablablbalala,Unknown Words
2026-01-21 06:54:14,blblablablbalala,Unknown Words
2026-01-21 06:54:16,blblablablbalala,Unknown Words
2026-01-21 06:54:22,blblablablbala,Unknown Words
2026-01-21 06:54:23,blblablablbala,Unknown Words
2026-01-21 07:23:51,blablbalblablabla,Unknown Words
